[1,["ecpdLyjvZBwrvm+cedCcQy","52jmchGnVHU56fj8CLdj9q","d1Thh/nWpKU7sMQmzJI3NK","c8hsVnoOlM9LWjeFUbPwUN","898GrURr9CVKAa0yGY9IHW","18NLshemlHVaZ5R3thep0X","91hhjx05NH6av/b13XqkrL"],["node","_spriteFrame","_textureSetter","root","_N$content","_N$target","data","_parent"],[["cc.Node",["_name","_opacity","_prefab","_contentSize","_components","_parent","_children","_trs","_anchorPoint"],1,4,5,9,1,2,7,5],["cc.Sprite",["_sizeMode","_isTrimmedMode","_type","node","_materials","_spriteFrame"],0,1,3,6],"cc.SpriteFrame",["cc.PrefabInfo",["fileId","root","asset"],2,1,1],["cc.Button",["_N$transition","node","clickEvents","_N$pressedColor","_N$disabledColor","_N$target","_N$normalColor"],2,1,9,5,5,1,5],["cc.Prefab",["_name"],2],["cc.BlockInputEvents",["node"],3,1],["8aaafr5kJdBGbso3VBHPWCk",["node"],3,1],["cc.ScrollView",["horizontal","brake","bounceDuration","_N$horizontalScrollBar","_N$verticalScrollBar","node","_N$content"],-2,1,1],["cc.Layout",["_resize","_N$layoutType","_N$spacingY","node","_layoutSize"],0,1,5],["cc.ClickEvent",["_componentId","handler","target"],1,1],["cc.Mask",["node","_materials"],3,1,3]],[[3,0,1,2,2],[0,0,5,6,4,2,3,7,2],[0,0,5,4,2,3,2],[0,0,5,4,2,3,7,2],[5,0,2],[0,0,6,4,2,3,2],[0,0,6,4,2,3,8,7,2],[0,0,1,5,4,2,3,7,3],[0,0,5,6,4,2,3,2],[0,0,5,6,2,3,7,2],[6,0,1],[7,0,1],[3,1,2,1],[8,0,1,2,3,4,5,6,6],[1,2,0,3,4,3],[1,0,3,4,2],[1,2,0,1,3,4,5,4],[1,3,4,5,1],[1,1,3,4,5,2],[1,0,1,3,4,5,3],[9,0,1,2,3,4,4],[4,0,1,2,3,4,5,2],[4,1,6,1],[10,0,1,2,3],[11,0,1,1]],[[[{"name":"text-thele-new","rect":[0,0,568,834],"offset":[0,0],"originalSize":[568,834],"capInsets":[0,0,0,0]}],[2],0,[0],[2],[1]],[[[4,"MS_PopupGuide"],[5,"MS_PopupGuide",[-4,-5,-6,-7,-8],[[10,-2],[11,-3]],[12,-1,0],[5,720,1280]],[1,"scrollview",1,[-12],[[13,false,0.75,0.23,null,null,-10,-9],[14,1,0,-11,[8]]],[0,"6flIJ8c+RJ8YsCUTnxJECF",1,0],[5,600,798],[0,-52,0,0,0,0,1,1,1,1]],[6,"content",[-14],[[20,1,2,50,-13,[5,1050,834]]],[0,"a5Z0tpqR9OvbG+I3P2sixz",1,0],[5,1050,834],[0,0.5,1],[0,399,0,0,0,0,1,1,1,1]],[1,"btnClose",1,[-17],[[21,3,-16,[[23,"8aaafr5kJdBGbso3VBHPWCk","onClickClose",1]],[4,4294967295],[4,4294967295],-15]],[0,"21yL1essFARruZMLUWGbC1",1,0],[5,80,80],[289.668,447.833,0,0,0,0,1,1,1,0]],[7,"black",100,1,[[15,0,-18,[0]],[22,-19,[4,4292269782]]],[0,"62FeNE0P9PyKKHz4bZEcGq",1,0],[5,3000,3000],[0,23,0,0,0,0,1,1,1,1]],[8,"view",2,[3],[[24,-20,[7]]],[0,"77/CMuvzJJ6528OZ9C03PU",1,0],[5,600,798]],[2,"nen popup",1,[[16,1,0,false,-21,[1],2]],[0,"c2za+k+ytNlbV3ZABqDqcS",1,0],[5,679.9,973.5]],[9,"tit_popup",1,[-22],[0,"eeQONc6cdE0rJIgwiDIRcs",1,0],[5,401,48],[0,272,0,0,0,0,1,1,1,1]],[3,"hd",8,[[17,-23,[3],4]],[0,"c3fnt4KuBLtbLWVP/fZjTE",1,0],[5,294,65],[0,152.568,0,0,0,0,1,1.3,1.3,1]],[3,"guide1",3,[[18,false,-24,[5],6]],[0,"53Wk6YWQlDf65p5hAFOqsS",1,0],[5,568,834],[0,-417,0,0,0,0,1,1,1,1]],[2,"sprite",4,[[19,2,false,-25,[9],10]],[0,"27iMwnlKlOxKobkhC4YlLo",1,0],[5,74,59]]],0,[0,3,1,0,0,1,0,0,1,0,-1,5,0,-2,7,0,-3,8,0,-4,2,0,-5,4,0,4,3,0,0,2,0,0,2,0,-1,6,0,0,3,0,-1,10,0,5,4,0,0,4,0,-1,11,0,0,5,0,0,5,0,0,6,0,0,7,0,-1,9,0,0,9,0,0,10,0,0,11,0,6,1,3,7,6,25],[0,0,0,0,0,0,0,0,0,0,0],[-1,-1,1,-1,1,-1,1,-1,-1,-1,1],[0,0,2,0,3,0,4,0,0,0,5]],[[{"name":"title_guide","rect":[0,0,294,65],"offset":[0,0],"originalSize":[294,65],"capInsets":[0,0,0,0]}],[2],0,[0],[2],[6]]]]