[1,["ecpdLyjvZBwrvm+cedCcQy","e2fe+84jVPVISi34jyZZaa","70tYWDC0BJC5tKkvsd4VJ6","59BR/3Lf5J/Zhag3zjFWxw","78Ygvz73RKM5Achw68JCVm","9bvaMerUlDyary99mJa6xp","4aJefQI8pK2plExRGmlB7w","a7iFCT8EBHG5OOV/ysl8W4"],["node","_spriteFrame","_textureSetter","root","_N$target","_N$content","data"],[["cc.Node",["_name","_opacity","_prefab","_contentSize","_components","_parent","_children","_trs","_anchorPoint","_color"],1,4,5,9,1,2,7,5,5],["cc.Sprite",["_sizeMode","_type","_isTrimmedMode","_enabled","node","_materials","_spriteFrame"],-1,1,3,6],"cc.SpriteFrame",["cc.PrefabInfo",["fileId","root","asset"],2,1,1],["cc.Button",["_N$transition","node","clickEvents","_N$pressedColor","_N$disabledColor","_N$target","_N$normalColor"],2,1,9,5,5,1,5],["cc.Prefab",["_name"],2],["b500fmUPq1OwpLhtuuFSOae",["node"],3,1],["cc.ClickEvent",["_componentId","handler","target"],1,1],["cc.ScrollView",["horizontal","brake","bounceDuration","_N$horizontalScrollBar","_N$verticalScrollBar","node","_N$content"],-2,1,1],["cc.Mask",["_N$alphaThreshold","node","_materials"],2,1,3],["cc.Widget",["_alignFlags","_originalWidth","_originalHeight","node"],0,1],["cc.Layout",["_resize","_N$layoutType","node","_layoutSize"],1,1,5]],[[3,0,1,2,2],[0,0,5,6,4,2,3,7,2],[0,0,5,4,2,3,2],[0,0,5,4,2,3,7,2],[5,0,2],[0,0,6,4,2,3,2],[0,0,5,6,4,2,3,2],[0,0,5,6,4,2,3,8,7,2],[0,0,1,5,4,2,9,3,7,3],[0,0,5,6,2,3,7,2],[6,0,1],[3,1,2,1],[4,0,1,2,3,4,5,2],[4,1,6,1],[7,0,1,2,3],[1,3,1,0,4,5,6,4],[1,0,4,5,2],[1,1,0,2,4,5,6,4],[1,4,5,6,1],[1,0,2,4,5,6,3],[1,0,4,5,6,2],[8,0,1,2,3,4,5,6,6],[9,0,1,2,2],[10,0,1,2,3,4],[11,0,1,2,3,3]],[[[[4,"minipokerHelpView"],[5,"minipokerHelpView",[-3,-4,-5,-6,-7],[[10,-2]],[11,-1,0],[5,1280,720]],[1,"btnClose",1,[-10],[[12,3,-9,[[14,"b500fmUPq1OwpLhtuuFSOae","close",1]],[4,4294967295],[4,4294967295],-8]],[0,"b5kyTUcvdLOL66HyWEcbKZ",1,0],[5,80,80],[288.801,367.22,0,0,0,0,1,1,1,0]],[1,"New ScrollView",1,[-14],[[15,false,1,0,-11,[10],11],[21,false,0.75,0.23,null,null,-13,-12]],[0,"dbghz5HutMHK8UmFuhhiIS",1,0],[5,600,592],[0,-23.711,0,0,0,0,1,1,1,1]],[6,"view",3,[-17],[[22,0,-15,[9]],[23,45,600,250,-16]],[0,"f0DB69tFFAN5pdzMxElLC/",1,0],[5,600,592]],[7,"content",4,[-19],[[24,1,2,-18,[5,220,550.6666667]]],[0,"daM/nGD+tOOpC8ybRn7Gsa",1,0],[5,220,550.6666667],[0,0.5,1],[0,290.554,0,0,0,0,1,1,1,1]],[8,"black",150,1,[[16,0,-20,[0]],[13,-21,[4,4292269782]]],[0,"61BKXCcxJAR454umZjDtzR",1,0],[4,4278190080],[5,3000,3000],[0,23,0,0,0,0,1,1,1,1]],[2,"nen popup",1,[[17,1,0,false,-22,[1],2]],[0,"42Ol2URaJLvYybiDH7L5TE",1,0],[5,679.9,811.25]],[9,"tit_popup",1,[-23],[0,"8aM9xcPVNJHYmWbEywZx6g",1,0],[5,401,48],[0,272,0,0,0,0,1,1,1,1]],[3,"hd",8,[[18,-24,[3],4]],[0,"48Pna+cwFCmZYmWHmft+Tf",1,0],[5,294,65],[0,65.057,0,0,0,0,1,1.3,1.3,1]],[2,"sprite",2,[[19,2,false,-25,[5],6]],[0,"01r1R1rUlIh5tGaVOEzW6a",1,0],[5,74,59]],[3,"hd_pic",5,[[20,0,-26,[7],8]],[0,"5aHipR3/lIR5l+xZk8q0Q2",1,0],[5,603.3333333,550.6666667],[0,-275.33333335,0,0,0,0,1,1,1,1]]],0,[0,3,1,0,0,1,0,-1,6,0,-2,7,0,-3,8,0,-4,2,0,-5,3,0,4,2,0,0,2,0,-1,10,0,0,3,0,5,5,0,0,3,0,-1,4,0,0,4,0,0,4,0,-1,5,0,0,5,0,-1,11,0,0,6,0,0,6,0,0,7,0,-1,9,0,0,9,0,0,10,0,0,11,0,6,1,26],[0,0,0,0,0,0,0,0,0,0,0,0],[-1,-1,1,-1,1,-1,1,-1,1,-1,-1,1],[0,0,1,0,2,0,3,0,4,0,0,5]],[[{"name":"title_guide","rect":[0,0,294,65],"offset":[0,0],"originalSize":[294,65],"capInsets":[0,0,0,0]}],[2],0,[0],[2],[6]],[[{"name":"huongdan-minipoker","rect":[0,0,905,826],"offset":[-97.5,0],"originalSize":[1100,826],"capInsets":[0,0,0,0]}],[2],0,[0],[2],[7]]]]