{"paths":{"0":["game777/images/betLines/btn_chonle",4],"1":["game777/skeletons/icon/kim cuong/GEM3",4],"2":["game777/Candy/CnyResCode/2blur",4],"3":["game777/Candy/CnyImages/line/6",4],"4":["game777/images/betLines/3",4],"5":["game777/images/betLines/19",4],"6":["game777/skeletons/icon/7/GEM_W",6],"7":["game777/Candy/CnyResCode/CandyCrush-Thang/CandyCrush-Thang",6],"8":["SOund/StopSpin",2],"9":["game777/Candy/CnyResCode/1blur",4],"10":["SOund/WinLine",2],"11":["game777/Sprite/btn_quay",4],"12":["game777/Candy/CnyImages/frame_win",4],"13":["game777/bmfonts/bmFont",4],"14":["game777/images/betLines/18",4],"15":["game777/images/betLines/11",4],"16":["game777/Candy/CnyResCode/5blur",4],"17":["game777/Sprite/bg_hu",4],"18":["game777/Candy/CnyResCode/CandyCrush-Thang/CandyCrush-Thang2",4],"19":["game777/Candy/CnyResCode/item_1",4],"20":["game777/Candy/CnyFonts/font2/font",4],"21":["game777/skeletons/icon/dua/GEM4",4],"22":["game777/Candy/CnyResCode/CandyCrush-Thang/CandyCrush-Thang",4],"23":["game777/Candy/CnyImages/line/11",4],"24":["game777/Candy/CnyImages/line/10",4],"25":["game777/images/popup/btn_close",4],"26":["game777/images/betLines/button- off",4],"27":["game777/Candy/CnyImages/BG-KimCuong",4],"28":["game777/skeletons/cangat/cangat",4],"29":["game777/Candy/CnyImages/line/19",4],"30":["game777/Candy/CnyResCode/item_0",4],"31":["game777/bmfonts/bmFont777",4],"32":["game777/Candy/CnyImages/line/17",4],"33":["game777/Candy/CnyImages/btn_tab",4],"34":["game777/Candy/CnyFonts/font3/font",4],"35":["game777/skeletons/icon/7/GEM_W",4],"36":["game777/Candy/CnyImages/line/9",4],"37":["game777/Candy/CnyImages/button-quay",4],"38":["game777/images/betLines/12",4],"39":["game777/images/betLines/7",4],"40":["game777/images/betLines/17",4],"41":["game777/Candy/CnyImages/text-thele-new",4],"42":["game777/Candy/CnyImages/gold-act",4],"43":["game777/images/betLines/btn_bochon",4],"44":["game777/skeletons/icon/kim cuong/GEM3",6],"45":["game777/Candy/CnyImages/line/4",4],"46":["game777/Candy/CnyImages/scale-btn-1",4],"47":["game777/Candy/CnyResCode/button-tuquay",4],"48":["game777/Candy/CnyImages/lsc",4],"49":["game777/images/betLines/btn_chonchan_ob",4],"50":["game777/Candy/CnyImages/button-sieutoc-disible",4],"51":["game777/Candy/CnyImages/gold-dis",4],"52":["game777/images/popup/titleLichSu",4],"53":["game777/Candy/CnyImages/line/15",4],"54":["game777/skeletons/icon/bar/item3",4],"55":["game777/images/betLines/9",4],"56":["game777/images/betLines/button -on ",4],"57":["game777/Candy/CnyResCode/item_3",4],"58":["game777/skeletons/icon/cherry/GEM5",4],"59":["game777/images/ic_close",4],"60":["game777/images/betLines/15",4],"61":["game777/images/betLines/btn_tatca_on",4],"62":["game777/images/betLines/16",4],"63":["game777/images/betLines/6",4],"64":["game777/Candy/CnyResCode/3blur",4],"65":["game777/images/popup/chondong",4],"66":["game777/images/popup/bxh",4],"67":["game777/images/betLines/14",4],"68":["game777/images/bg_hu",4],"69":["game777/Candy/CnyImages/line/8",4],"70":["game777/Candy/CnyResCode/wild",4],"71":["game777/particles/noHu",9],"72":["game777/Candy/CnyImages/icon-vinhdanh",4],"73":["game777/Candy/CnyImages/scale-btn-2",4],"74":["SOund/Spin",2],"75":["game777/Candy/CnyImages/line",4],"76":["game777/images/bg_content",4],"77":["game777/particles/bigwin_coin",4],"78":["game777/images/betLines/2",4],"79":["game777/images/betLines/4",4],"80":["game777/images/betLines/1",4],"81":["game777/Candy/CnyImages/line/16",4],"82":["game777/Candy/CnyImages/title_guide",4],"83":["game777/Candy/CnyFonts/font1/font",4],"84":["game777/Sprite/bg",4],"85":["game777/Candy/CnyImages/button-dong",4],"86":["game777/Sprite/btn_quay_off",4],"87":["game777/skeletons/icon/cherry/GEM5",6],"88":["game777/Candy/CnyResCode/0blur",4],"89":["game777/particles/Thang_1",9],"90":["game777/Candy/CnyImages/line/2",4],"91":["game777/images/betLines/btn_chonchan",4],"92":["game777/Candy/CnyImages/line/1",4],"93":["game777/Candy/CnyImages/icon-i",4],"94":["game777/Candy/CnyImages/line/18",4],"95":["game777/Candy/CnyResCode/button-tuquay_off",4],"96":["game777/Candy/CnyImages/line/20",4],"97":["game777/images/betLines/btn_bochon_on",4],"98":["game777/images/bg_popup",4],"99":["game777/images/popup/phien",4],"100":["game777/skeletons/icon/dua/GEM4",6],"101":["game777/Candy/CnyImages/line/12",4],"102":["game777/images/x5New2",4],"103":["game777/Candy/CnyImages/line/14",4],"104":["game777/Candy/CnyImages/line/7",4],"105":["game777/images/betLines/13",4],"106":["game777/particles/tien",4],"107":["game777/images/betLines/8",4],"108":["game777/images/betLines/20",4],"109":["game777/Candy/CnyResCode/item_2",4],"110":["game777/images/betLines/10",4],"111":["game777/Candy/CnyResCode/wildblur",4],"112":["game777/Candy/CnyImages/line/5",4],"113":["game777/images/setting ",4],"114":["game777/images/betLines/btn_tatca",4],"115":["game777/Candy/CnyImages/exit-game",4],"116":["game777/skeletons/icon/chuong/item5",4],"117":["game777/Candy/CnyResCode/button-sieutoc-act",4],"118":["game777/images/bt_close",4],"119":["game777/Candy/CnyImages/line/3",4],"120":["game777/images/betLines/btn_chonle_on",4],"121":["game777/Candy/CnyFonts/font1/font_hu-export",4],"122":["game777/images/UTM_Neo_Sans_IntelBold",8],"123":["game777/Candy/CnyImages/line/13",4],"124":["SOund/loopSPin",2],"125":["game777/Candy/CnyFonts/font1/font-export",4],"126":["game777/Candy/CnyImages/icon-huongdan",4],"127":["game777/Candy/CnyResCode/item_4",4],"128":["game777/particles/Thang",9],"129":["game777/images/betLines/5",4],"130":["game777/images/betLines/18",3,1],"131":["game777/Candy/CnyImages/exit-game",3,1],"132":["game777/images/bg_hu",3,1],"133":["game777/Candy/CnyImages/line/7",3,1],"134":["game777/Candy/CnyFonts/font1/font-export",5],"135":["game777/Candy/CnyImages/line/20",3,1],"136":["MiniSlot",1],"137":["game777/particles/bigwin_coin",3,1],"138":["game777/Sprite/bg_hu",3,1],"139":["game777/bmfonts/bmFont",5],"140":["game777/images/betLines/4",3,1],"141":["game777/Candy/CnyImages/line/19",3,1],"142":["game777/images/bt_close",3,1],"143":["Animation/ItemBlur",0],"144":["game777/Candy/CnyFonts/font3/font",3,1],"145":["game777/Candy/CnyResCode/item_1",3,1],"146":["game777/images/betLines/10",3,1],"147":["game777/skeletons/icon/chuong/item5.atlas",11],"148":["game777/Candy/CnyImages/icon-huongdan",3,1],"149":["game777/images/popup/phien",3,1],"150":["game777/images/betLines/2",3,1],"151":["game777/Candy/CnyImages/line/4",3,1],"152":["game777/Candy/CnyFonts/font2/font",5],"153":["game777/Candy/CnyImages/line/3",3,1],"154":["game777/skeletons/icon/chuong/item5",3,1],"155":["game777/Candy/CnyImages/lsc",3,1],"156":["game777/images/betLines/btn_tatca_on",3,1],"157":["game777/Candy/CnyImages/line/9",3,1],"158":["game777/Candy/CnyResCode/wildblur",3,1],"159":["game777/skeletons/cangat/cangat",3,1],"160":["game777/images/betLines/btn_chonle",3,1],"161":["game777/Candy/CnyImages/scale-btn-2",3,1],"162":["game777/Candy/CnyFonts/font2/font",3,1],"163":["game777/images/betLines/1",3,1],"164":["game777/Candy/CnyResCode/item_2",3,1],"165":["game777/skeletons/icon/bar/item3",7],"166":["game777/images/betLines/button -on ",3,1],"167":["game777/Candy/CnyFonts/font1/font",3,1],"168":["game777/Candy/CnyResCode/button-tuquay_off",3,1],"169":["game777/skeletons/icon/7/GEM_W",7],"170":["game777/images/popup/bxh",3,1],"171":["game777/skeletons/icon/kim cuong/GEM3",3,1],"172":["game777/Candy/CnyResCode/CandyCrush-Thang/CandyCrush-Thang",7],"173":["game777/images/x5New2",3,1],"174":["game777/Candy/CnyFonts/font1/font_hu-export",5],"175":["game777/images/betLines/btn_chonchan",3,1],"176":["game777/skeletons/icon/kim cuong/GEM3",7],"177":["game777/images/betLines/btn_bochon_on",3,1],"178":["game777/Sprite/btn_quay",3,1],"179":["game777/Candy/CnyResCode/CandyCrush-Thang/CandyCrush-Thang2",3,1],"180":["game777/Candy/CnyImages/line/6",3,1],"181":["game777/images/betLines/12",3,1],"182":["game777/images/betLines/7",3,1],"183":["game777/skeletons/cangat/cangat.atlas",11],"184":["game777/Candy/CnyImages/line/16",3,1],"185":["game777/skeletons/icon/bar/item3",3,1],"186":["game777/Candy/CnyFonts/font3/font",5],"187":["game777/images/betLines/btn_tatca",3,1],"188":["game777/images/betLines/8",3,1],"190":["game777/Candy/CnyImages/btn_tab",3,1],"191":["game777/skeletons/icon/chuong/item5",7],"192":["game777/Candy/CnyResCode/button-tuquay",3,1],"193":["game777/Candy/CnyImages/frame_win",3,1],"194":["game777/images/betLines/15",3,1],"195":["game777/images/betLines/5",3,1],"196":["game777/skeletons/cangat/cangat",7],"197":["game777/images/betLines/btn_chonle_on",3,1],"198":["game777/Candy/CnyResCode/item_0",3,1],"199":["game777/images/popup/btn_close",3,1],"200":["game777/Candy/CnyResCode/3blur",3,1],"201":["Prefabs/MS_PopupHistory",1],"202":["game777/images/betLines/button- off",3,1],"203":["game777/Candy/CnyImages/gold-act",3,1],"204":["game777/Candy/CnyImages/text-thele-new",3,1],"205":["game777/Candy/CnyImages/gold-dis",3,1],"206":["game777/Candy/CnyImages/line/5",3,1],"207":["game777/Candy/CnyImages/line",3,1],"208":["game777/skeletons/icon/cherry/GEM5",3,1],"209":["game777/Candy/CnyImages/line/13",3,1],"210":["game777/Candy/CnyResCode/0blur",3,1],"211":["game777/Candy/CnyImages/button-sieutoc-disible",3,1],"212":["game777/Candy/CnyImages/button-quay",3,1],"213":["game777/Candy/CnyImages/line/15",3,1],"214":["game777/images/betLines/3",3,1],"215":["game777/images/popup/titleLichSu",3,1],"216":["game777/Candy/CnyImages/line/2",3,1],"217":["game777/images/ic_close",3,1],"218":["game777/skeletons/icon/dua/GEM4",3,1],"219":["game777/images/bg_content",3,1],"220":["game777/Candy/CnyResCode/button-sieutoc-act",3,1],"221":["game777/Candy/CnyImages/BG-KimCuong",3,1],"222":["game777/skeletons/icon/cherry/GEM5",7],"223":["game777/Candy/CnyResCode/CandyCrush-Thang/CandyCrush-Thang",3,1],"224":["game777/images/betLines/11",3,1],"225":["game777/bmfonts/bmFont777",5],"226":["game777/Candy/CnyResCode/1blur",3,1],"227":["game777/images/popup/chondong",3,1],"228":["game777/images/betLines/16",3,1],"229":["game777/images/betLines/9",3,1],"230":["game777/Candy/CnyResCode/2blur",3,1],"231":["game777/images/betLines/6",3,1],"232":["game777/images/betLines/btn_bochon",3,1],"233":["game777/Candy/CnyImages/line/18",3,1],"234":["Prefabs/MS_PopupGuide",1],"235":["game777/images/betLines/btn_chonchan_ob",3,1],"236":["game777/Candy/CnyImages/line/8",3,1],"237":["game777/images/betLines/20",3,1],"238":["game777/Candy/CnyImages/line/12",3,1],"239":["game777/Sprite/bg",3,1],"240":["game777/Candy/CnyImages/title_guide",3,1],"241":["game777/images/setting ",3,1],"242":["game777/images/betLines/13",3,1],"243":["game777/Candy/CnyImages/scale-btn-1",3,1],"244":["game777/images/bg_popup",3,1],"245":["Animation/Fx_Jackpot",0],"246":["game777/Candy/CnyImages/line/17",3,1],"247":["game777/particles/bigwin_coin",10],"248":["game777/images/betLines/19",3,1],"249":["game777/Candy/CnyImages/line/11",3,1],"250":["game777/Candy/CnyResCode/item_3",3,1],"251":["game777/Candy/CnyImages/button-dong",3,1],"252":["game777/particles/tien",3,1],"253":["game777/images/betLines/17",3,1],"254":["game777/Candy/CnyResCode/item_4",3,1],"255":["game777/Candy/CnyImages/line/1",3,1],"256":["game777/Candy/CnyResCode/wild",3,1],"257":["game777/skeletons/icon/dua/GEM4",7],"258":["game777/Candy/CnyImages/icon-vinhdanh",3,1],"259":["game777/Sprite/btn_quay_off",3,1],"260":["game777/Candy/CnyImages/icon-i",3,1],"261":["game777/skeletons/icon/bar/item3.atlas",11],"262":["Prefabs/MS_ItemHistory",1],"263":["game777/Candy/CnyFonts/font1/font_hu-export",3,1],"264":["game777/images/betLines/14",3,1],"265":["game777/Candy/CnyFonts/font1/font",5],"266":["game777/Candy/CnyResCode/5blur",3,1],"267":["game777/Candy/CnyImages/line/14",3,1],"268":["game777/skeletons/icon/7/GEM_W",3,1],"269":["game777/bmfonts/bmFont777",3,1],"270":["game777/Candy/CnyImages/line/10",3,1],"271":["game777/bmfonts/bmFont",3,1],"272":["game777/Candy/CnyFonts/font1/font-export",3,1]},"types":["cc.AnimationClip","cc.Prefab","cc.AudioClip","cc.SpriteFrame","cc.Texture2D","cc.BitmapFont","cc.Asset","sp.SkeletonData","cc.TTFFont","cc.ParticleAsset","cc.JsonAsset","cc.TextAsset"],"uuids":["00OSJ7iTpFFbjdfxMECr6e","01UwaftxxP7JEkZayRAw2g","033MrFWtlOm68xxCJIMbBM","06ukg6pnpFzL4qze+Ad7Ej","08snjg3yJKlqpnNcK6vu7I","0bbuMxvmdDf5on3Jb/z46D","0dAs++HttJmqV85sVD1JKe","0eDkrvH+xNkpZD/abHNvWT","11eugLlHZGVoyBU8hKTORi","12T+46/lxLvK2eDedCeJ4W","13jgFrEExEKYwiNZBuE/uU","14kDZEbCRE8I1i7iotiMQP","15Liox+zlNSoNjEakjJkgZ","175htmJCJOE5j67QPLowtm","1blWkzRs9HiY8CSugEEuqM","23w+hhRdhDAKjCDaTO5uwS","27jlpn/pNARbTGr5p/wDfj","28rGgQShBCwKimGnczCkmr","29bfS6QohKzry2r91FRCh5","2aa7VZQSlFcpjITT9MxU4i","2bQ2eAim9JaIN5RRrvxQl2","2bSKGFigtL1LzuqvyE9Hp5","32pQKwmElClL9D0g91UHbT","3d9zT8JjxFipxhhvw5dn6r","41R99fbw1AIJyXoP7awXbh","42ZWgz2oZGcKurWZFa+kKy","43UTERCLBFc4Z+CB1AUpOF","46DA3E9bdDgIqPSbyYx4c8","46QdZu9GRCsJRfQxzDs63W","471gLh2W5BA4pZY4ogsuNa","48u62LZ55H6IIHYYgOTS/t","49uee9ABpHipXjEQfUFVFz","4amqvrPlpBfL2inPabCh5F","4a1nd0AaxGZrtUs+0Ovle/","4bNA0xuHNB7qrwXZkk3bEf","4cBJJvMdRP4oEPYjynp7Im","4eF8wpkH5NB7i1v3Dl9uW+","4fR59/Je9OOqThcklQ5A17","50FC/TJ9NBbY0pefSAdQuM","50c6LKFgJCcYtIdF4VAeG2","51p1CaTRNJZ7mW0IsTsXL5","52jmchGnVHU56fj8CLdj9q","528l/z9s5DkbrdYV+6rWBY","54b9eu6bdCRrerXtXjKWEb","54deCRhBtDzq29t/7Gj/G3","554zyhysRI2rQtM+ZBALi8","57MHW02wJHJYzVFaR90A0l","5bsK6ULapGoaxRDQ0H73Ce","5fjgEASpROt6cE1xFKDYWu","60ArDKb6NG4ZtGQ8d8O7Fh","66rM1L7iVOJoJZ14v+do4b","666PEUMb9CH7cdf1ir8SMc","67dMjI9aBHS7VEWBqIj2ix","6bVPcksO5Go686IjW/ZrjO","6dj3OGYXdLa78BB7CODdeR","6eqNCKcLBKCY7J8fx5NSme","6fRJka0AdIh44AomkQXFvp","73p64ltt9CwbR0r8h9c+FG","74b9PP7JlDrre/gI2a0WSE","74c/7egT5OS6xkQLnJtbSE","74i5uvSIhFHIOEqreI0MR2","74jrmfvC9Du4R6jZl1Li9m","74lPXu0o5IWIryj1uO+aTY","79ruNOvZFGzbIqZb0NZJbj","7cGh+Mv4pPoLhK57DbLRvg","7c7cgndulDkI9awzIc3I3J","7fu2tc0e5KspGRuQuEx9cq","7f3RrevEFN36AAWrxtfAz2","80OLG3PwtH75eospcdiYhv","84Q7KP01tLlJXgKJMBP1V4","86KYpNiNNHgpIss3Jsb6/0","86WgjSKzZATI4q3zdPlz6Y","86aLcv5WZGGIzSopJDllEG","86p1edj/FKKbG8b7gQoG7L","87QU5G8UNLRLFPgJnZ30Ep","87x+m/YFJFRoQcp//JP4iv","88JH2+iixM1rmY7eH7XJUq","896ggUD2NPl53/Y6wSmVm/","8av2wKigxMD6J7l7bNa7Tt","8aylQra6NC158re/Q0/vmh","8bIVJX6FFNMowWflFPkpSo","90dzGl5a1NeofAAdHb5sm8","91hhjx05NH6av/b13XqkrL","96d5LjjxpMgYYRuIcXsT56","9eKyRkEgpMhoNQTzbJWTev","9fdosQdsVLu67uwRH5j3Ut","a5I6SiZg1AGIWjhZWp0HyP","a6rygAPhBG674VQMm83r10","a7WUuLCh9OvqhoJd1GhJ/P","a7ZIP+aGpJdJPFaAE8axIJ","a7inbmFAVGO5oLaUR16Fih","a8VlYJD81G6LsdobvqXW5j","a9G6fV7E1CGYYXkMBRwebg","abeEQHw6VIq46O4D+5IupL","ad6r7b/vdPTo/WxwHQ84Ca","aeWGQqZDBPWLzGpdIzUgF5","aeuomaDYZLbbtU5ZCflS/w","b2YWwWuthBZpmSRCUB7xtJ","b29DAtADlL+qkhcXQlB28B","b5AGYmRGRB2YyuD73AL3c2","bb/Lv8TC9O+LYn/UOtOgAS","bejHi3owpGLb49vQge/VQg","c0rM+E0w1JO78VuwnRK+Vb","c2z/SdxatLv4qOhY8o2w56","c4/Wv1sk1CZ6advs2LAmo4","c6Mk5znvFIBaJyZ7ZU/J6F","c7Fw85edFAUpJI9b0OgFq+","c7VzzbqfdKZZL1IODOPM7n","ca2muw5EpIhK3T33NoRsIr","cbljRozU9GooLhY5lqqqnM","ccA/HiGOBGq7DwT7dhLwsh","cfNXSt0ctPEqzHnqFonfxQ","cf6pDuVuFG8KpaHYRwhSQp","d2yaan601DWpxW90vS3qKx","d96MPJ2B1D0Lqf4biIYO5D","dcx2To1v1GC7WmGpHZk4du","dfEXXOyvpBU7+dTibYNLrg","e1mPXQMVdMJpofVxFg4GhQ","e6qqvsK65Esas32raXMeWq","e6+vpR0ORAZ7d2Q3T2HPVO","e9ZEQdsoFBo4EHe36skn5Q","eaCDe+gOlEMYyGlYLrjaVM","ebqr+yW6ZOtpMnS6+2RM9G","eePpbEghFBGpJ8sqm5qqgs","f50gN2cI5JwpKxoYie3Ucz","f8u6txQBlCJKa4YAwxBGNx","faaRICKtZM1rKWzdlP0d8s","feL6h/gqdMnKfABQ2I69We","fejefp3nBBkqMgDkJLN18X","ffRaLSTfFPjZo/MStHbvJz","0053x732lBWYbXhAOjb3Cp","01pvt3arhMQqrlQ4J7xNFA","05usdYvDhOJYZwHE4ekTwl","06/m9fEaZCUre+azlK9c+/","08M7/RpMRHbKotU1I6lYk4","0cFHnaJs1LPLDutwMCPGGr","0cZre9YkdEYrL64ROZdeN+","11kpRLRh1JE4rCPalJ97Hn","13eAUpN1dLBakE4Xq4vx2+","13ojpZB19KSLqZkhkgHp8X","14D/2itWJIzpGEWiseUlL4","17Czz3Bz9KwpkIg39hcZ1J","18NLshemlHVaZ5R3thep0X","19TgyxeohA94B+qGpVLB0D","1b7oXc4Q1NALJZaQSDN7i0","1cL5l/O7hE64JmMoe8Dn87","1eScpVbYFEv6AIyR9FcvvM","1ecxRZawlI/Z1G0V9gRwRI","1fiJ7RyyhLLaeZnA5GZ0x+","25bZ6LNu1ETo4+3yJxsik2","26C8xF9S5OH7nfIkRTPWTt","29NDPmGvxPGrYswqyhC4xd","2dlD+Py99GMJUKNgyvmcdp","31RYObxFhJ1ZtVUZTfbifd","31tbVrW7xFxan+tDC9hVFQ","34liJJe0VOmLY5rHsOkCnM","35cu8WGEJLOoFqxEeSa+o0","36V2WprltOA7QbltoKZgKy","38kThH75tOMZO+mSkiwZGu","38tPShkkNJxI6SDVmuDuO0","39wW9U7ItKtaGJppI7h2qU","3excSuGd9JLawr7+eWDqOA","3e3Vj08K9A05zZwB1YPjRC","40Anh7AnVLw7T3ictouFjX","41mFuBTnZJ1KmQ866qoOUC","42KfVXdd1NJpnttgCzTkgj","42ubHxJ0NPDrmHQ0HqlaAN","43CWLFLhhI+5yCU4rAvjzo","43O6hlJtVFrqYJrdUBiV+V","43a5PEXKpGFp8HrpJygE3i","47HReKT9lMO6DJRn2UNalu","48DtloloVHl6d5joTaTDbT","48zC+EdUNCPbJDOCAb7BLt","49U9RW31lE/5E/5ZWdR5Dr","4bbax7ZulGn5PYUqNeim0s","4cR5Y1IwRIQL9Lg3e3Pok/","4f8mgwI3RLea1FyzQnftuP","52L/YL/4hOUZ2+zPG1bC3/","53wdPRE49CsahrJsWnQIqw","55bg0bAz9M0piPiVmhVk4S","577HemTttOYLmG7UPPyMUO","583YH8YBhEKIc+ApsjOh3M","59R+79x8hFF6way01JmVC+","5b92p41UZKWYc+ML/Vi7Aj","5dDgfcCH1JErTtQKCifYFc","5dVprO2AVG/7x/bjFEXCBh","5e+wb5QOFNML3qwBEtYvOL","60ex4OW4RGGbKA2OKfeyFb","60mJ8om39O+oYXHyvakLva","63O3ZxsDVHfJKFGkPP74H5","63QT/UJy1BIaWxw6WT5cTb","72dDc9L2JPR5cc2SX+htT0","72xcQ+kT5DlYoDAZv9Wn5I","724w14F1pBxJJCeF9KTLIy","75Sc7grgJAfpUxq5jHPuRz","770mmsQKxKYoivC1/DCMPy","770uwG1bNGi6Xd7/goF41L","79AOnV8jpAbZ59I4IvoGXF","7dfvlma/pI+5hiSNfTBFhr","7eRCJDwp1JPJxJDa07AwGa","81az/zB6dCqKsuc2w3VCKQ","82rkA3d7pHv5uLtEDWGrBS","84xfnELqxKRqm30lPZrw2z","85JzH6q6RLapXXcXct4Gp3","898GrURr9CVKAa0yGY9IHW","8aKeCKJvFK95Qz7ZtdrexS","8dH7NGbHVCV4rNZj3alqgT","8dTEo/kJJBAL4zUZBOjYE5","8dZL3uVcRGRryVFXYafl+B","8eKJNUXdlL2YSzoup/LWnU","90N3lLLmJF+KEpLzLFiTz1","91rxwWiwVFC4PAUJHAU2tm","94ds4PebhLsrBj4ZXoJBE8","97KmW+YiZJjLa+UaPL1Ivx","9aHaHBj/xH5LzI0SN7ADFQ","9daDid8pVBfJBwxiDpjqR6","9fHJkpec9HUq9x84eN2XU2","a0vLXfimtPJqOWvQ+skP1V","a5/HUdXrdPB4UFUm5GrUaC","a7FQSkeMlLIqdBi+lNq8af","a80ms8OpxHHYWqozT500Ru","adJ2nysudCAaX1B0uKpoc0","aeXJbXgfpPxLZjYvsftACy","ae75EkevtMfKymFvR39lz0","b2IQP5ui5NI51IwiIvsXP9","b31R8iqQ1Ga4fyBjIRDQW6","b4I9vATJxMDocJIN3O5bws","b4Q2DzMD9D1KPXIbFmCKIN","b4lVxOMs9PyZVf3Pj36++Q","b48jQ0cotEQIBhvQRr8hL/","b5ve05YdZATqnbR/+XCNpl","bdAbSxPWFOSK9llkNGpRDF","bdoCJWqbJM+qnFC9Jv5+BX","bdoTPye/BBUat92KIlX3t6","c0ByTKc6NPM7cW3z41mc/C","c3TQZU7FxL9ac1U1I9kJkh","c39yG7m4hHZLPD4t5A8UbK","c4FEvKNX9JeoAJ+jNBYqyv","c4Q/nqvy1CeKXYHYxo0HRg","c5eD9BrjRA3oWRYxp2hjE6","c8hsVnoOlM9LWjeFUbPwUN","c9BLDdEwVG/r9SP3nGzYHg","cbABd1nmlMf4gmKc/BFJrq","ccPtnC6EJHJbEspbF988Np","d1Thh/nWpKU7sMQmzJI3NK","d4mtz+8h5Hh448CB5o1ekc","d5GRE2sP9JD7t7k46B1pdD","d5aih+GVlA5LdWUBDv0ceP","d6xuP0uhNCeL21I+tj+K00","d7vLxBUgBChZQGUTqBQhEI","ddh8PzeWxLAZ8FPSeO87Of","deAtwn60hAra0fxtPE3W0L","dfQo5p6SVOhImfY9X1/rY7","e2HtjMjKpJZ7RdgoMplEEe","e3PeUHbBJPGpmbN1P9O3WU","e7Z+Y4jidBR4Ljrcj5mnqL","e84XrQdodFebJZBPTyJ11w","e92KIv5FZDMY3xSO6iM7Oz","ea2qxdcThL8IeM2Ly2lDHG","ebHsFG3KtC14Il11g0vtC9","edL19h6zhGYbPG9GhnscBX","eedcRCiQxGlZLUc/w3MPz3","ee9anhgb1LA7Kkozus99IF","f4wTe2nVpNkb3J7tYsCMF4","f4+geEln5HCKY8shdzC7DI","f5EDvjhR9D6JEUO7XFUgpA","f5laeNH8xMSYV5oeGoLw68","f82F506wdJD7bUnG9pk2MN","f9Z8jyhyJAW7qKYy7zqZ9g","fdd23HRtVFhaSk+aORIOkt","fdjmc1/7xJ4LMU9KD2ORf3","fdsDqVO0dEu4iTftgIT7Lt","ffzZOvsj9JzJNu+Qn8PBWA","3ae7efMv1CLq2ilvUY/tQi","42cA8gxplE8pKtUM8DWXp+","7a/QZLET9IDreTiBfRn2PD","e1M4dVdwNOCqD69gLCBDJ5","ecpdLyjvZBwrvm+cedCcQy"],"scenes":{},"redirect":[273,0,274,1,275,0,276,1,277,0],"deps":["internal","resources"],"packs":{"0216fe170":[204,234,240],"03cb47df5":[0,1,2,3,4,5,9,11,12,13,14,15,16,17,18,19,20,21,22,23,24,25,26,27,28,29,30,31,32,33,34,35,36,37,38,39,40,41,42,43,45,46,47,48,49,50,51,52,53,54,55,56,57,58,59,60,61,62,63,64,65,66,67,68,69,70,72,73,75,76,77,78,79,80,81,82,83,84,85,86,88,90,91,92,93,94,95,96,97,98,99,101,102,103,104,105,106,107,108,109,110,111,112,113,114,115,116,117,118,119,120,121,123,125,126,127,129],"049206985":[167,265],"0687af285":[142,244],"09228a194":[134,272],"0a1a8c04c":[201,215,262],"0c00141d4":[139,271],"0c840d812":[144,186],"0d4b75b34":[131,133,135,136,8,138,10,141,143,145,148,151,153,157,158,164,168,178,180,184,189,192,198,200,203,74,205,206,209,210,213,216,220,226,230,233,236,238,239,246,249,250,254,255,256,258,260,266,124,267,270],"0e4e5c28a":[225,269],"0ef18950b":[152,162],"0efed92eb":[174,263]},"name":"33","importBase":"import","nativeBase":"native","debug":false,"isZip":false,"encrypted":false,"versions":{"import":[130,"1099b","0216fe170","5140f","03cb47df5","32615","049206985","8c488",132,"18651","0687af285","bb66f","09228a194","29c11","0a1a8c04c","e6c40","0c00141d4","00a54","0c840d812","e8063",6,"1da1d","0d4b75b34","383cd",7,"1de1a","0e4e5c28a","3c00a","0ef18950b","76d56","0efed92eb","1f380",137,"cc78e",140,"21ed2",146,"13a83",147,"316f1",149,"b6e9e",150,"f32d8",154,"539b3",155,"28d98",156,"b8311",159,"a642f",160,"f49e6",161,"3dde3",163,"0e40b",165,"b7d6a",166,"d61af",169,"aa2f7",170,"24568",171,"8dd94",172,"f12e0",173,"f1ad9",175,"55985",176,"ce785",177,"5a88c",44,"9c77f",179,"8e7d9",181,"dc2f3",182,"79d3b",183,"ea72f",185,"21c5a",187,"a2378",188,"4322e",190,"f975e",191,"ad530",193,"66f58",194,"19c26",195,"3a387",196,"31583",197,"792fa",199,"b0d11",202,"b59a6",71,"6250b",207,"679c1",208,"d6d26",211,"109c8",212,"2bbdb",214,"7a45a",217,"3b083",218,"69310",87,"5d3c0",219,"de982",89,"f3cca",221,"db68b",222,"76938",223,"6d086",224,"156ab",227,"7a335",228,"2fadf",229,"d651d",100,"7f5bb",231,"fc4b1",232,"15d89",235,"dd879",237,"aba28",241,"58c05",242,"b3a84",243,"210b2",245,"a1f97",247,"8e3d7",248,"96520",251,"aed05",252,"ef74a",253,"c1c1b",257,"76149",259,"9b13b",122,"1e5bb",261,"4bab6",264,"269f5",268,"41ade",128,"d6894"],"native":[0,"8b8bb",1,"9b94f",2,"81d4b",3,"f8855",4,"9440d",5,"4b986",6,"e1184",7,"39ea5",8,"3144d",9,"0aeaf",10,"5401c",11,"1648b",12,"85848",13,"e12b0",14,"062df",15,"2a73d",16,"613fd",17,"70715",18,"6786b",19,"dc826",20,"78153",21,"70148",22,"95cc7",23,"df862",24,"cc550",25,"9f30e",26,"31138",27,"abba4",28,"8f7d6",29,"ce02c",30,"ddc6f",31,"72cd9",32,"69df7",33,"61588",34,"a8fa6",35,"4405a",36,"ab16a",37,"b6c72",38,"68ebe",39,"1969c",40,"c24fb",41,"394bf",42,"3d010",43,"02027",44,"6962e",45,"9b33d",46,"87d1b",47,"f1724",48,"d621e",49,"71906",189,"f4bd9",50,"7e1cd",51,"39b9b",52,"6ea94",53,"74831",54,"70c5b",55,"f1571",56,"e148e",57,"044d9",58,"f9f6f",59,"30aae",60,"d2f7e",61,"3bea3",62,"1d3ae",63,"ab09c",64,"0851a",65,"f1205",66,"b96ec",67,"e6135",68,"553f6",69,"6e79a",70,"bd6a3",71,"d2c60",72,"97fc4",73,"642ef",74,"26cbd",75,"4e891",76,"60aac",77,"ac72c",78,"00a86",79,"2a4c1",80,"157c7",81,"459ac",82,"a8075",83,"fc9d4",84,"f3dc4",85,"f538d",86,"1bfe0",87,"752a6",88,"40935",89,"cb4f2",90,"faca9",91,"ab3a1",92,"670d5",93,"db628",94,"d1597",95,"ed832",96,"73aef",97,"a0978",98,"fad8f",99,"781c6",100,"bc000",101,"ea15f",102,"a4064",103,"acd55",104,"4dae3",105,"bb6ce",106,"564c7",107,"4fd6c",108,"852ad",109,"a519d",110,"bb07b",111,"2e466",112,"7bdbb",113,"5ee3c",114,"b9a27",115,"9f30e",116,"ec62f",117,"676e5",118,"95a4b",119,"4d101",120,"9c7dc",121,"a10d0",122,"c1045",123,"38a5b",124,"8b789",125,"36923",126,"7cbe6",127,"ddef9",128,"67b8d",129,"102c2"]}}