[1,["613ydsu0ZKR5MlbnuPHuZu","1fOmZLgipANbAJlCxKRhCC"],["_textureSetter","spriteFrame"],["cc.SpriteFrame",["cc.BitmapFont",["_name","fontSize","_fntConfig"],0]],[[1,0,1,2,4]],[[[{"name":"SVN-Zero-Gradient","rect":[2,2,1018,744],"offset":[-1,138],"originalSize":[1024,1024],"capInsets":[0,0,0,0]}],[0],0,[0],[0],[0]],[[[0,"SVN-Zero-Gradient",64,{"commonHeight":95,"fontSize":64,"atlasName":"SVN-Zero-Gradient.png","fontDefDictionary":{"0":{"xOffset":6,"yOffset":38,"xAdvance":37,"rect":{"x":810,"y":665,"width":31,"height":31}},"32":{"xOffset":1,"yOffset":71,"xAdvance":17,"rect":{"x":428,"y":721,"width":4,"height":4}},"33":{"xOffset":4,"yOffset":24,"xAdvance":17,"rect":{"x":973,"y":541,"width":16,"height":60}},"34":{"xOffset":4,"yOffset":24,"xAdvance":36,"rect":{"x":26,"y":721,"width":36,"height":26}},"35":{"xOffset":3,"yOffset":24,"xAdvance":52,"rect":{"x":856,"y":541,"width":52,"height":60}},"36":{"xOffset":3,"yOffset":22,"xAdvance":33,"rect":{"x":687,"y":406,"width":34,"height":67}},"37":{"xOffset":5,"yOffset":24,"xAdvance":64,"rect":{"x":910,"y":541,"width":61,"height":60}},"38":{"xOffset":3,"yOffset":24,"xAdvance":43,"rect":{"x":2,"y":603,"width":43,"height":60}},"39":{"xOffset":4,"yOffset":24,"xAdvance":21,"rect":{"x":2,"y":721,"width":22,"height":26}},"40":{"xOffset":5,"yOffset":24,"xAdvance":21,"rect":{"x":666,"y":406,"width":19,"height":67}},"41":{"xOffset":4,"yOffset":24,"xAdvance":21,"rect":{"x":573,"y":406,"width":19,"height":67}},"42":{"xOffset":7,"yOffset":24,"xAdvance":38,"rect":{"x":843,"y":665,"width":31,"height":30}},"43":{"xOffset":3,"yOffset":38,"xAdvance":46,"rect":{"x":583,"y":665,"width":46,"height":46}},"44":{"xOffset":5,"yOffset":71,"xAdvance":17,"rect":{"x":176,"y":721,"width":14,"height":20}},"45":{"xOffset":4,"yOffset":48,"xAdvance":25,"rect":{"x":308,"y":721,"width":24,"height":14}},"46":{"xOffset":5,"yOffset":71,"xAdvance":17,"rect":{"x":334,"y":721,"width":14,"height":14}},"47":{"xOffset":3,"yOffset":24,"xAdvance":21,"rect":{"x":644,"y":603,"width":22,"height":60}},"48":{"xOffset":3,"yOffset":24,"xAdvance":33,"rect":{"x":83,"y":541,"width":34,"height":60}},"49":{"xOffset":3,"yOffset":24,"xAdvance":21,"rect":{"x":317,"y":541,"width":22,"height":60}},"50":{"xOffset":3,"yOffset":24,"xAdvance":33,"rect":{"x":2,"y":541,"width":34,"height":60}},"51":{"xOffset":3,"yOffset":24,"xAdvance":33,"rect":{"x":236,"y":541,"width":34,"height":60}},"52":{"xOffset":1,"yOffset":24,"xAdvance":41,"rect":{"x":272,"y":541,"width":43,"height":60}},"53":{"xOffset":3,"yOffset":24,"xAdvance":33,"rect":{"x":2,"y":479,"width":34,"height":60}},"54":{"xOffset":3,"yOffset":24,"xAdvance":33,"rect":{"x":765,"y":406,"width":34,"height":60}},"55":{"xOffset":3,"yOffset":24,"xAdvance":33,"rect":{"x":888,"y":406,"width":33,"height":60}},"56":{"xOffset":3,"yOffset":24,"xAdvance":33,"rect":{"x":961,"y":406,"width":34,"height":60}},"57":{"xOffset":3,"yOffset":24,"xAdvance":33,"rect":{"x":913,"y":603,"width":34,"height":60}},"58":{"xOffset":5,"yOffset":51,"xAdvance":17,"rect":{"x":728,"y":665,"width":14,"height":33}},"59":{"xOffset":5,"yOffset":51,"xAdvance":17,"rect":{"x":673,"y":665,"width":14,"height":39}},"60":{"xOffset":3,"yOffset":24,"xAdvance":84,"rect":{"x":643,"y":479,"width":84,"height":60}},"61":{"xOffset":3,"yOffset":47,"xAdvance":46,"rect":{"x":974,"y":665,"width":46,"height":28}},"62":{"xOffset":3,"yOffset":24,"xAdvance":84,"rect":{"x":730,"y":541,"width":84,"height":60}},"63":{"xOffset":3,"yOffset":24,"xAdvance":34,"rect":{"x":384,"y":541,"width":35,"height":60}},"64":{"xOffset":7,"yOffset":30,"xAdvance":64,"rect":{"x":2,"y":665,"width":56,"height":54}},"65":{"xOffset":2,"yOffset":24,"xAdvance":43,"rect":{"x":943,"y":479,"width":46,"height":60}},"66":{"xOffset":3,"yOffset":24,"xAdvance":38,"rect":{"x":797,"y":603,"width":38,"height":60}},"67":{"xOffset":3,"yOffset":24,"xAdvance":33,"rect":{"x":239,"y":603,"width":34,"height":60}},"68":{"xOffset":3,"yOffset":24,"xAdvance":38,"rect":{"x":461,"y":541,"width":38,"height":60}},"69":{"xOffset":3,"yOffset":24,"xAdvance":41,"rect":{"x":559,"y":603,"width":40,"height":60}},"70":{"xOffset":3,"yOffset":24,"xAdvance":38,"rect":{"x":313,"y":603,"width":38,"height":60}},"71":{"xOffset":3,"yOffset":24,"xAdvance":33,"rect":{"x":216,"y":479,"width":34,"height":60}},"72":{"xOffset":3,"yOffset":24,"xAdvance":42,"rect":{"x":297,"y":479,"width":42,"height":60}},"73":{"xOffset":3,"yOffset":24,"xAdvance":21,"rect":{"x":341,"y":479,"width":22,"height":60}},"74":{"xOffset":3,"yOffset":24,"xAdvance":41,"rect":{"x":84,"y":479,"width":41,"height":60}},"75":{"xOffset":3,"yOffset":24,"xAdvance":49,"rect":{"x":127,"y":479,"width":50,"height":60}},"76":{"xOffset":3,"yOffset":24,"xAdvance":38,"rect":{"x":424,"y":479,"width":38,"height":60}},"77":{"xOffset":3,"yOffset":24,"xAdvance":56,"rect":{"x":365,"y":479,"width":57,"height":60}},"78":{"xOffset":3,"yOffset":24,"xAdvance":43,"rect":{"x":252,"y":479,"width":43,"height":60}},"79":{"xOffset":3,"yOffset":24,"xAdvance":35,"rect":{"x":507,"y":479,"width":35,"height":60}},"80":{"xOffset":3,"yOffset":24,"xAdvance":38,"rect":{"x":519,"y":603,"width":38,"height":60}},"81":{"xOffset":3,"yOffset":24,"xAdvance":33,"rect":{"x":630,"y":406,"width":34,"height":67}},"82":{"xOffset":3,"yOffset":24,"xAdvance":40,"rect":{"x":601,"y":603,"width":41,"height":60}},"83":{"xOffset":3,"yOffset":24,"xAdvance":34,"rect":{"x":716,"y":603,"width":35,"height":60}},"84":{"xOffset":3,"yOffset":24,"xAdvance":42,"rect":{"x":753,"y":603,"width":42,"height":60}},"85":{"xOffset":3,"yOffset":24,"xAdvance":43,"rect":{"x":437,"y":603,"width":44,"height":60}},"86":{"xOffset":3,"yOffset":24,"xAdvance":45,"rect":{"x":594,"y":541,"width":45,"height":60}},"87":{"xOffset":3,"yOffset":24,"xAdvance":62,"rect":{"x":665,"y":541,"width":63,"height":60}},"88":{"xOffset":3,"yOffset":24,"xAdvance":44,"rect":{"x":547,"y":541,"width":45,"height":60}},"89":{"xOffset":3,"yOffset":24,"xAdvance":43,"rect":{"x":501,"y":541,"width":44,"height":60}},"90":{"xOffset":2,"yOffset":24,"xAdvance":34,"rect":{"x":275,"y":603,"width":36,"height":60}},"91":{"xOffset":5,"yOffset":24,"xAdvance":21,"rect":{"x":744,"y":406,"width":19,"height":67}},"93":{"xOffset":4,"yOffset":24,"xAdvance":21,"rect":{"x":723,"y":406,"width":19,"height":67}},"94":{"xOffset":1,"yOffset":24,"xAdvance":17,"rect":{"x":241,"y":721,"width":21,"height":18}},"95":{"xOffset":1,"yOffset":76,"xAdvance":32,"rect":{"x":364,"y":721,"width":36,"height":8}},"96":{"xOffset":1,"yOffset":11,"xAdvance":18,"rect":{"x":284,"y":721,"width":22,"height":14}},"97":{"xOffset":2,"yOffset":24,"xAdvance":43,"rect":{"x":668,"y":603,"width":46,"height":60}},"98":{"xOffset":3,"yOffset":24,"xAdvance":38,"rect":{"x":353,"y":603,"width":38,"height":60}},"99":{"xOffset":3,"yOffset":24,"xAdvance":33,"rect":{"x":483,"y":603,"width":34,"height":60}},"100":{"xOffset":3,"yOffset":24,"xAdvance":38,"rect":{"x":873,"y":603,"width":38,"height":60}},"101":{"xOffset":3,"yOffset":24,"xAdvance":41,"rect":{"x":949,"y":603,"width":40,"height":60}},"102":{"xOffset":3,"yOffset":24,"xAdvance":38,"rect":{"x":848,"y":406,"width":38,"height":60}},"103":{"xOffset":3,"yOffset":24,"xAdvance":33,"rect":{"x":837,"y":603,"width":34,"height":60}},"104":{"xOffset":3,"yOffset":24,"xAdvance":42,"rect":{"x":393,"y":603,"width":42,"height":60}},"105":{"xOffset":3,"yOffset":24,"xAdvance":21,"rect":{"x":641,"y":541,"width":22,"height":60}},"106":{"xOffset":3,"yOffset":24,"xAdvance":41,"rect":{"x":341,"y":541,"width":41,"height":60}},"107":{"xOffset":3,"yOffset":24,"xAdvance":49,"rect":{"x":119,"y":541,"width":50,"height":60}},"108":{"xOffset":3,"yOffset":24,"xAdvance":38,"rect":{"x":729,"y":479,"width":38,"height":60}},"109":{"xOffset":3,"yOffset":24,"xAdvance":56,"rect":{"x":544,"y":479,"width":57,"height":60}},"110":{"xOffset":3,"yOffset":24,"xAdvance":43,"rect":{"x":38,"y":541,"width":43,"height":60}},"111":{"xOffset":3,"yOffset":24,"xAdvance":35,"rect":{"x":179,"y":479,"width":35,"height":60}},"112":{"xOffset":3,"yOffset":24,"xAdvance":38,"rect":{"x":603,"y":479,"width":38,"height":60}},"113":{"xOffset":3,"yOffset":24,"xAdvance":33,"rect":{"x":594,"y":406,"width":34,"height":67}},"114":{"xOffset":3,"yOffset":24,"xAdvance":40,"rect":{"x":464,"y":479,"width":41,"height":60}},"115":{"xOffset":3,"yOffset":24,"xAdvance":34,"rect":{"x":769,"y":479,"width":35,"height":60}},"116":{"xOffset":3,"yOffset":24,"xAdvance":42,"rect":{"x":899,"y":479,"width":42,"height":60}},"117":{"xOffset":3,"yOffset":24,"xAdvance":43,"rect":{"x":806,"y":479,"width":44,"height":60}},"118":{"xOffset":3,"yOffset":24,"xAdvance":45,"rect":{"x":852,"y":479,"width":45,"height":60}},"119":{"xOffset":3,"yOffset":24,"xAdvance":62,"rect":{"x":171,"y":541,"width":63,"height":60}},"120":{"xOffset":3,"yOffset":24,"xAdvance":44,"rect":{"x":801,"y":406,"width":45,"height":60}},"121":{"xOffset":3,"yOffset":24,"xAdvance":43,"rect":{"x":38,"y":479,"width":44,"height":60}},"122":{"xOffset":2,"yOffset":24,"xAdvance":34,"rect":{"x":923,"y":406,"width":36,"height":60}},"123":{"xOffset":13,"yOffset":22,"xAdvance":40,"rect":{"x":523,"y":406,"width":23,"height":68}},"124":{"xOffset":13,"yOffset":22,"xAdvance":31,"rect":{"x":509,"y":406,"width":12,"height":69}},"125":{"xOffset":13,"yOffset":22,"xAdvance":40,"rect":{"x":548,"y":406,"width":23,"height":68}},"126":{"xOffset":6,"yOffset":45,"xAdvance":52,"rect":{"x":192,"y":721,"width":47,"height":19}},"-90":{"xOffset":5,"yOffset":27,"xAdvance":13,"rect":{"x":481,"y":665,"width":9,"height":48}},"-91":{"xOffset":1,"yOffset":29,"xAdvance":32,"rect":{"x":492,"y":665,"width":36,"height":47}},"-92":{"xOffset":3,"yOffset":37,"xAdvance":32,"rect":{"x":876,"y":665,"width":30,"height":30}},"-93":{"xOffset":2,"yOffset":28,"xAdvance":32,"rect":{"x":444,"y":665,"width":35,"height":48}},"-94":{"xOffset":4,"yOffset":34,"xAdvance":32,"rect":{"x":60,"y":665,"width":30,"height":50}},"-95":{"xOffset":7,"yOffset":41,"xAdvance":21,"rect":{"x":214,"y":665,"width":11,"height":48}},"-11":{"xOffset":3,"yOffset":12,"xAdvance":35,"rect":{"x":378,"y":332,"width":35,"height":72}},"-12":{"xOffset":3,"yOffset":12,"xAdvance":35,"rect":{"x":258,"y":332,"width":35,"height":72}},"-13":{"xOffset":3,"yOffset":10,"xAdvance":35,"rect":{"x":706,"y":177,"width":35,"height":74}},"-14":{"xOffset":3,"yOffset":10,"xAdvance":35,"rect":{"x":645,"y":177,"width":35,"height":74}},"-19":{"xOffset":3,"yOffset":10,"xAdvance":21,"rect":{"x":682,"y":177,"width":22,"height":74}},"-20":{"xOffset":3,"yOffset":10,"xAdvance":21,"rect":{"x":984,"y":177,"width":22,"height":74}},"-22":{"xOffset":3,"yOffset":12,"xAdvance":41,"rect":{"x":796,"y":256,"width":40,"height":72}},"-23":{"xOffset":3,"yOffset":10,"xAdvance":41,"rect":{"x":236,"y":256,"width":40,"height":74}},"-24":{"xOffset":3,"yOffset":10,"xAdvance":41,"rect":{"x":372,"y":256,"width":40,"height":74}},"-29":{"xOffset":2,"yOffset":12,"xAdvance":43,"rect":{"x":641,"y":332,"width":46,"height":72}},"-30":{"xOffset":2,"yOffset":12,"xAdvance":43,"rect":{"x":415,"y":332,"width":46,"height":72}},"-31":{"xOffset":2,"yOffset":10,"xAdvance":43,"rect":{"x":414,"y":256,"width":46,"height":74}},"-32":{"xOffset":2,"yOffset":10,"xAdvance":43,"rect":{"x":324,"y":256,"width":46,"height":74}},"-35":{"xOffset":3,"yOffset":10,"xAdvance":43,"rect":{"x":278,"y":256,"width":44,"height":74}},"-38":{"xOffset":3,"yOffset":10,"xAdvance":43,"rect":{"x":144,"y":256,"width":44,"height":74}},"-39":{"xOffset":3,"yOffset":10,"xAdvance":43,"rect":{"x":98,"y":256,"width":44,"height":74}},"-43":{"xOffset":3,"yOffset":12,"xAdvance":35,"rect":{"x":838,"y":256,"width":35,"height":72}},"-44":{"xOffset":3,"yOffset":12,"xAdvance":35,"rect":{"x":341,"y":332,"width":35,"height":72}},"-45":{"xOffset":3,"yOffset":10,"xAdvance":35,"rect":{"x":446,"y":177,"width":35,"height":74}},"-46":{"xOffset":3,"yOffset":10,"xAdvance":35,"rect":{"x":947,"y":177,"width":35,"height":74}},"-51":{"xOffset":3,"yOffset":10,"xAdvance":21,"rect":{"x":881,"y":177,"width":22,"height":74}},"-52":{"xOffset":3,"yOffset":10,"xAdvance":21,"rect":{"x":525,"y":177,"width":22,"height":74}},"-54":{"xOffset":3,"yOffset":12,"xAdvance":41,"rect":{"x":689,"y":332,"width":40,"height":72}},"-55":{"xOffset":3,"yOffset":10,"xAdvance":41,"rect":{"x":905,"y":177,"width":40,"height":74}},"-56":{"xOffset":3,"yOffset":10,"xAdvance":41,"rect":{"x":483,"y":177,"width":40,"height":74}},"-3":{"xOffset":3,"yOffset":10,"xAdvance":43,"rect":{"x":704,"y":256,"width":44,"height":74}},"-61":{"xOffset":2,"yOffset":12,"xAdvance":43,"rect":{"x":463,"y":332,"width":46,"height":72}},"-6":{"xOffset":3,"yOffset":10,"xAdvance":43,"rect":{"x":658,"y":256,"width":44,"height":74}},"-62":{"xOffset":2,"yOffset":12,"xAdvance":43,"rect":{"x":114,"y":332,"width":46,"height":72}},"-63":{"xOffset":2,"yOffset":10,"xAdvance":43,"rect":{"x":597,"y":177,"width":46,"height":74}},"-7":{"xOffset":3,"yOffset":10,"xAdvance":43,"rect":{"x":512,"y":256,"width":44,"height":74}},"-64":{"xOffset":2,"yOffset":10,"xAdvance":43,"rect":{"x":549,"y":177,"width":46,"height":74}},"-65":{"xOffset":2,"yOffset":41,"xAdvance":28,"rect":{"x":367,"y":665,"width":27,"height":48}},"-66":{"xOffset":3,"yOffset":28,"xAdvance":48,"rect":{"x":396,"y":665,"width":46,"height":48}},"-67":{"xOffset":4,"yOffset":28,"xAdvance":48,"rect":{"x":167,"y":665,"width":45,"height":48}},"-68":{"xOffset":4,"yOffset":28,"xAdvance":48,"rect":{"x":274,"y":665,"width":44,"height":48}},"-69":{"xOffset":4,"yOffset":44,"xAdvance":32,"rect":{"x":941,"y":665,"width":31,"height":29}},"-70":{"xOffset":2,"yOffset":28,"xAdvance":20,"rect":{"x":64,"y":721,"width":23,"height":23}},"-71":{"xOffset":5,"yOffset":28,"xAdvance":19,"rect":{"x":767,"y":665,"width":16,"height":31}},"-72":{"xOffset":3,"yOffset":71,"xAdvance":21,"rect":{"x":264,"y":721,"width":18,"height":18}},"-73":{"xOffset":4,"yOffset":46,"xAdvance":16,"rect":{"x":350,"y":721,"width":12,"height":12}},"-74":{"xOffset":4,"yOffset":26,"xAdvance":32,"rect":{"x":92,"y":665,"width":31,"height":49}},"-75":{"xOffset":-3,"yOffset":43,"xAdvance":37,"rect":{"x":631,"y":665,"width":40,"height":46}},"-76":{"xOffset":1,"yOffset":71,"xAdvance":32,"rect":{"x":446,"y":721,"width":4,"height":4}},"-77":{"xOffset":2,"yOffset":28,"xAdvance":19,"rect":{"x":744,"y":665,"width":21,"height":31}},"-78":{"xOffset":1,"yOffset":28,"xAdvance":19,"rect":{"x":785,"y":665,"width":23,"height":31}},"-79":{"xOffset":2,"yOffset":39,"xAdvance":35,"rect":{"x":689,"y":665,"width":37,"height":37}},"-80":{"xOffset":4,"yOffset":28,"xAdvance":26,"rect":{"x":112,"y":721,"width":23,"height":23}},"-81":{"xOffset":0,"yOffset":33,"xAdvance":21,"rect":{"x":402,"y":721,"width":24,"height":8}},"-82":{"xOffset":1,"yOffset":71,"xAdvance":48,"rect":{"x":434,"y":721,"width":4,"height":4}},"-83":{"xOffset":4,"yOffset":55,"xAdvance":21,"rect":{"x":458,"y":721,"width":4,"height":4}},"-84":{"xOffset":3,"yOffset":46,"xAdvance":36,"rect":{"x":137,"y":721,"width":37,"height":22}},"-85":{"xOffset":4,"yOffset":44,"xAdvance":32,"rect":{"x":908,"y":665,"width":31,"height":29}},"-86":{"xOffset":2,"yOffset":28,"xAdvance":18,"rect":{"x":89,"y":721,"width":21,"height":23}},"-87":{"xOffset":1,"yOffset":71,"xAdvance":48,"rect":{"x":452,"y":721,"width":4,"height":4}},"-88":{"xOffset":1,"yOffset":71,"xAdvance":32,"rect":{"x":440,"y":721,"width":4,"height":4}},"-89":{"xOffset":6,"yOffset":28,"xAdvance":32,"rect":{"x":991,"y":603,"width":27,"height":57}}},"kerningDict":{}}]],0,0,[0],[1],[1]]]]