[1,["ecpdLyjvZBwrvm+cedCcQy","42cA8gxplE8pKtUM8DWXp+","e1M4dVdwNOCqD69gLCBDJ5","d1Thh/nWpKU7sMQmzJI3NK","18NLshemlHVaZ5R3thep0X","9daDid8pVBfJBwxiDpjqR6","ee9anhgb1LA7Kkozus99IF","67dMjI9aBHS7VEWBqIj2ix"],["node","_N$file","_spriteFrame","root","data","srcListView","_N$target","_N$content","itemTemplate","_textureSetter","labelGold","labelAdd","labelSub","labelTime"],[["cc.Node",["_name","_prefab","_contentSize","_parent","_components","_trs","_children","_color","_eulerAngles","_anchorPoint"],2,4,5,1,9,7,2,5,5,5],["cc.Sprite",["_sizeMode","_type","node","_materials","_spriteFrame"],1,1,3,6],["cc.Node",["_name","_parent","_components","_prefab","_contentSize","_trs","_color"],2,1,2,4,5,7,5],["cc.PrefabInfo",["fileId","root","asset"],2,1,1],["cc.Label",["_string","_fontSize","_lineHeight","_isSystemFontUsed","_N$horizontalAlign","_N$verticalAlign","_styleFlags","node","_materials","_N$file"],-4,1,3,6],"cc.SpriteFrame",["cc.Prefab",["_name"],2],["cc.Node",["_name","_parent","_children","_components","_prefab","_contentSize","_trs"],2,1,2,12,4,5,7],["cc.BlockInputEvents",["node"],3,1],["71a46Ao4cFM7YSRcfsRP+p+",["node","srcListView"],3,1,1],["cc.Button",["_N$transition","node","clickEvents","_N$target"],2,1,9,1],["cc.ClickEvent",["_componentId","handler","target"],1,1],["cc.ScrollView",["horizontal","brake","bounceDuration","_N$horizontalScrollBar","_N$verticalScrollBar","node","_N$content"],-2,1,1],["cc.Mask",["_N$alphaThreshold","node","_materials"],2,1,3],["65d20PGXAxEpZqR+kJ25zRs",["nameComponentItem","spawnCount","spacing","node"],0,1],["e89a1b2CTFLXocCj3FrqAfr",["node","labelTime","labelSub","labelAdd","labelGold"],3,1,1,1,1,1]],[[3,0,1,2,2],[0,0,3,4,1,7,2,5,2],[4,0,1,2,3,6,4,5,7,8,9,8],[4,0,1,2,3,4,5,7,8,7],[0,0,3,4,1,2,5,8,2],[2,0,1,2,3,6,4,5,2],[1,0,2,3,4,2],[6,0,2],[0,0,3,4,1,2,5,2],[3,1,2,1],[1,2,3,4,1],[0,0,6,4,1,2,2],[0,0,3,6,1,2],[0,0,3,6,4,1,2,5,2],[0,0,3,6,1,2,5,2],[0,0,3,6,4,1,2,2],[0,0,3,4,1,2,2],[0,0,3,1,2,9,5,2],[0,0,6,4,1,2,5,2],[7,0,1,2,3,4,5,6,2],[2,0,1,2,3,4,5,2],[8,0,1],[9,0,1,1],[1,1,0,2,3,3],[1,1,0,2,3,4,3],[10,0,1,2,3,2],[11,0,1,2,3],[12,0,1,2,3,4,5,6,6],[13,0,1,2,2],[14,0,1,2,3,4],[15,0,1,2,3,4,1]],[[[[7,"MS_PopupHistory"],[11,"MS_PopupHistory",[-5],[[21,-2],[22,-4,-3]],[9,-1,0],[5,720,1280]],[12,"Content",1,[-6,-7,-8,-9,-10],[0,"b5CfnvtRFBb6AfIrw8EeH0",1,0]],[13,"bg_content",2,[-12,-13,-14,-15],[[23,1,0,-11,[20]]],[0,"51Z4VrAXhILYI8mp78L/cR",1,0],[5,1303,729],[1.835,-36.702,0,0,0,0,1,1,1,1]],[14,"Header",3,[-16,-17,-18,-19],[0,"6fnoqwes5ACqtX4jIFy/el",1,0],[5,600,50],[0.165,352.513,0,0,0,0,1,1,1,1]],[8,"btnClose",2,[[10,-20,[2],3],[25,1,-22,[[26,"71a46Ao4cFM7YSRcfsRP+p+","onClickClose",1]],-21]],[0,"62+2R2nlVO/68k3Kr78EoM",1,0],[5,74,59],[288.185,447.761,0,0,0,0,1,1,1,1]],[19,"ScrollView",2,[-26],[[[27,false,0.75,0.23,null,null,-24,-23],-25],4,1],[0,"fe75x4S5hMtqQRFz8ZjYoK",1,0],[5,600,670],[0,-46.712,0,0,0,0,1,1,1,1]],[15,"view",6,[-28],[[28,1,-27,[21]]],[0,"abhZ4GtrtPMbHbDjf36f7D",1,0],[5,600,670]],[16,"BG",2,[[24,1,0,-29,[0],1]],[0,"11KvhUl/5HEqeOmKcHgQ+N",1,0],[5,679.9,973.5]],[8,"text_header_lsgd",2,[[10,-30,[4],5]],[0,"8aLYykQOdKxKyso6QCTd2b",1,0],[5,187,71],[0,413.71,0,0,0,0,1,1.3,1.3,1]],[1,"Time",4,[[2," THỜI GIAN ",25,30,false,1,1,1,-31,[6],7]],[0,"32Xy3JVpFNz6RcIAr0lHx+",1,0],[4,4294955753],[5,140.25,37.8],[-241.129,0,0,0,0,0,1,1,1,1]],[1,"Sub",4,[[2,"CƯỢC",25,30,false,1,1,1,-32,[8],9]],[0,"26wkpqrjVHq6PDeXf4cLmL",1,0],[4,4294955753],[5,78.74,37.8],[-78.603,0,0,0,0,0,1,1,1,1]],[1,"Add",4,[[2,"THẮNG",25,30,false,1,1,1,-33,[10],11]],[0,"e4hP4c4Y5D+5BAiLG1CTOo",1,0],[4,4294955753],[5,86.49,37.8],[88.945,0,0,0,0,0,1,1,1,1]],[1,"Gold",4,[[2," SỐ DƯ ",25,30,false,1,1,1,-34,[12],13]],[0,"dexLpmY1BB7oNrb0xG95fA",1,0],[4,4294955753],[5,89.88,37.8],[232.391,0,0,0,0,0,1,1,1,1]],[4,"line",3,[[6,0,-35,[14],15]],[0,"01NKPaCSVBS4CgXJKlTPjk",1,0],[5,600,4],[-150.553,-74.196,0,0,0,0.7071067811865475,0.7071067811865476,1,1,1],[1,0,0,90]],[4,"line copy",3,[[6,0,-36,[16],17]],[0,"90EYx/x/5Md7+z/gid4vrY",1,0],[5,600,4],[-1.811,-74.196,0,0,0,0.7071067811865475,0.7071067811865476,1,1,1],[1,0,0,90]],[4,"line copy",3,[[6,0,-37,[18],19]],[0,"08xoWPtMtD+b/nvwie2dUZ",1,0],[5,600,4],[161.344,-74.196,0,0,0,0.7071067811865475,0.7071067811865476,1,1,1],[1,0,0,90]],[17,"content",7,[0,"f81nDcy1lB1azokTqQtqZb",1,0],[5,600,0],[0,0.5,1],[0,335,0,0,0,0,1,1,1,1]],[29,"MiniSlot_ItemHistory",12,20,6]],0,[0,3,1,0,0,1,0,5,18,0,0,1,0,-1,2,0,-1,8,0,-2,5,0,-3,9,0,-4,3,0,-5,6,0,0,3,0,-1,4,0,-2,14,0,-3,15,0,-4,16,0,-1,10,0,-2,11,0,-3,12,0,-4,13,0,0,5,0,6,5,0,0,5,0,7,17,0,0,6,0,-2,18,0,-1,7,0,0,7,0,-1,17,0,0,8,0,0,9,0,0,10,0,0,11,0,0,12,0,0,13,0,0,14,0,0,15,0,0,16,0,4,1,37],[0,0,0,0,0,0,0,0,0,0,0,0,0,0,0,0,0,0,0,0,0,0,18],[-1,2,-1,2,-1,2,-1,1,-1,1,-1,1,-1,1,-1,2,-1,2,-1,2,-1,-1,8],[0,3,0,4,0,5,0,1,0,1,0,1,0,1,0,2,0,2,0,2,0,0,6]],[[{"name":"titleLichSu","rect":[0,0,187,71],"offset":[0,0],"originalSize":[187,71],"capInsets":[0,0,0,0]}],[5],0,[0],[9],[7]],[[[7,"MS_ItemHistory"],[18,"MS_ItemHistory",[-7,-8,-9,-10],[[30,-6,-5,-4,-3,-2]],[9,-1,0],[5,600,50],[0,172.0784,0,0,0,0,1,1.3,1.3,1.3]],[20,"Time",1,[-11],[0,"dcCq43/3hGCKpDqznVefXc",1,0],[5,66.45,31.5],[-183.302,0,0,0,0,0,1,1,1,1]],[3,"123123",20,25,false,1,1,2,[0]],[5,"Sub",1,[-12],[0,"51q5VyPZRJSKcSitsQoSO2",1,0],[4,4278190335],[5,66.45,45.36],[-56.517,0,0,0,0,0,1,1,1,1]],[3,"123123",20,36,false,1,1,4,[1]],[5,"Add",1,[-13],[0,"22VupWB8xEWLudrx7jKfpe",1,0],[4,4278255421],[5,66.45,45.36],[64.293,0,0,0,0,0,1,1,1,1]],[3,"123123",20,36,false,1,1,6,[2]],[5,"Gold",1,[-14],[0,"e9ORqdDhRBGYITrEbS19PF",1,0],[4,4280547071],[5,66.45,45.36],[180.75,0,0,0,0,0,1,1,1,1]],[3,"123123",20,36,false,1,1,8,[3]]],0,[0,3,1,0,10,9,0,11,7,0,12,5,0,13,3,0,0,1,0,-1,2,0,-2,4,0,-3,6,0,-4,8,0,-1,3,0,-1,5,0,-1,7,0,-1,9,0,4,1,14],[0,0,0,0,3,5,7,9],[-1,-1,-1,-1,1,1,1,1],[0,0,0,0,1,1,1,1]]]]